date,sig,hold,rv_net10y_man_per_bp,ktb10f_contracts
2020-06-03,-1.5,21,0.0,-0.0
2020-06-04,-1.5,21,0.0,-0.0
2020-06-05,-1.5,21,0.0,-0.0
2020-06-08,-1.0,3,0.0,-0.0
2020-06-09,-1.0,3,0.0,-0.0
2020-06-10,-1.0,3,0.0,-0.0
2020-06-11,-1.0,3,0.0,-0.0
2020-06-15,-0.4,3,0.0,-0.0
2020-06-29,-1.0,3,0.0,-0.0
2020-07-01,-0.4,3,0.0,-0.0
2020-07-02,-1.0,3,0.0,-0.0
2020-07-03,-1.0,3,0.0,-0.0
2020-07-06,-1.0,3,0.0,-0.0
2020-07-07,-1.0,3,0.0,-0.0
2020-07-09,-1.0,3,0.0,-0.0
2020-07-10,-0.4,3,0.0,-0.0
2020-07-28,-1.0,3,0.0,-0.0
2020-08-13,-1.0,3,0.0,-0.0
2020-08-14,-1.0,3,0.0,-0.0
2020-08-18,-1.0,3,0.0,-0.0
2020-08-19,-1.0,3,0.0,-0.0
2020-08-20,-0.4,3,0.0,-0.0
2020-08-21,-0.4,3,0.0,-0.0
2020-08-26,-0.7,21,0.0,-0.0
2020-08-27,-1.5,21,0.0,-0.0
2020-08-28,-1.5,21,0.0,-0.0
2020-08-31,-1.0,3,0.0,-0.0
2020-09-01,-1.0,3,0.0,-0.0
2020-09-02,-1.0,3,0.0,-0.0
2020-09-03,-0.4,3,0.0,-0.0
2020-09-04,-0.4,3,0.0,-0.0
2020-09-07,-0.4,3,0.0,-0.0
2020-09-08,-0.4,3,0.0,-0.0
2020-09-09,-0.4,3,0.0,-0.0
2020-09-10,-1.0,3,0.0,-0.0
2020-09-11,-1.0,3,0.0,-0.0
2020-10-05,-1.0,3,0.0,-0.0
2020-10-06,-1.0,3,0.0,-0.0
2020-10-08,-1.0,3,0.0,-0.0
2020-10-12,-1.0,3,0.0,-0.0
2020-10-13,-1.0,3,0.0,-0.0
2020-10-14,-1.0,3,0.0,-0.0
2020-10-15,-1.0,3,0.0,-0.0
2020-10-16,-1.0,3,0.0,-0.0
2020-10-22,-1.5,21,0.0,-0.0
2020-10-26,-1.5,21,0.0,-0.0
2020-10-27,-1.5,21,0.0,-0.0
2020-10-30,-0.4,3,0.0,-0.0
2020-11-02,-0.7,21,0.0,-0.0
2020-11-03,-0.4,3,0.0,-0.0
2020-11-04,-0.4,3,0.0,-0.0
2020-11-05,-1.5,21,0.0,-0.0
2020-11-11,-1.0,3,0.0,-0.0
2020-11-12,-1.5,21,0.0,-0.0
2020-11-13,-1.0,3,0.0,-0.0
2020-11-16,-1.5,21,0.0,-0.0
2020-11-17,-1.0,3,0.0,-0.0
2020-11-18,-1.0,3,0.0,-0.0
2020-11-25,-0.4,3,0.0,-0.0
2020-11-26,-1.0,3,0.0,-0.0
2020-11-27,-1.0,3,0.0,-0.0
2020-11-30,-1.0,3,0.0,-0.0
2020-12-01,-1.0,3,0.0,-0.0
2020-12-02,-1.0,3,0.0,-0.0
2020-12-03,-1.0,3,0.0,-0.0
2020-12-04,-1.0,3,0.0,-0.0
2020-12-07,-1.5,21,0.0,-0.0
2020-12-08,-1.5,21,0.0,-0.0
2020-12-09,-1.5,21,0.0,-0.0
2020-12-10,-1.5,21,0.0,-0.0
2020-12-11,-0.4,3,0.0,-0.0
2020-12-14,-0.4,3,0.0,-0.0
2020-12-15,-0.4,3,0.0,-0.0
2020-12-16,-0.4,3,0.0,-0.0
2020-12-17,-0.4,3,0.0,-0.0
2020-12-18,-0.4,3,0.0,-0.0
2020-12-21,-0.4,3,0.0,-0.0
2020-12-22,-0.4,3,0.0,-0.0
2020-12-30,-1.0,3,0.0,-0.0
2021-01-04,-1.0,3,0.0,-0.0
2021-01-06,-1.0,3,0.0,-0.0
2021-01-07,-1.0,3,0.0,-0.0
2021-01-08,-0.7,21,0.0,-0.0
2021-01-11,-0.7,21,0.0,-0.0
2021-01-12,-0.7,21,0.0,-0.0
2021-01-13,-0.7,21,0.0,-0.0
2021-01-14,-0.7,21,0.0,-0.0
2021-01-15,-0.7,21,0.0,-0.0
2021-01-18,-0.7,21,0.0,-0.0
2021-01-19,-0.7,21,0.0,-0.0
2021-02-04,-1.0,3,0.0,-0.0
2021-02-08,-0.4,3,0.0,-0.0
2021-02-09,-1.0,3,0.0,-0.0
2021-02-10,-1.0,3,0.0,-0.0
2021-02-15,-1.0,3,0.0,-0.0
2021-02-16,-1.0,3,0.0,-0.0
2021-02-17,-1.0,3,0.0,-0.0
2021-02-18,-1.0,3,0.0,-0.0
2021-02-19,-1.0,3,0.0,-0.0
2021-02-22,-0.4,3,0.0,-0.0
2021-02-23,-0.4,3,0.0,-0.0
2021-02-24,-0.4,3,0.0,-0.0
2021-02-25,-0.4,3,0.0,-0.0
2021-02-26,-0.4,3,0.0,-0.0
2021-03-02,-0.4,3,0.0,-0.0
2021-03-03,-0.4,3,0.0,-0.0
2021-03-04,-0.4,3,0.0,-0.0
2021-03-05,-0.4,3,0.0,-0.0
2021-03-09,-0.4,3,0.0,-0.0
2021-03-10,-0.4,3,-8.668622083546595,-1.0198378921819522
2021-03-12,-0.4,3,-8.668622083546595,-1.0198378921819522
2021-03-22,-1.0,3,-8.673732978519517,-1.0204391739434726
2021-03-23,-0.4,3,-8.673732978519517,-1.0204391739434726
2021-03-24,-0.4,3,-8.673732978519517,-1.0204391739434726
2021-03-25,-0.4,3,-8.673732978519517,-1.0204391739434726
2021-03-26,-1.0,3,-8.673732978519517,-1.0204391739434726
2021-04-01,-1.0,3,-8.673732978519517,-1.0204391739434726
2021-04-02,-1.0,3,-8.673732978519517,-1.0204391739434726
2021-04-05,-1.0,3,-8.673732978519517,-1.0204391739434726
2021-04-29,-1.5,21,-154.75391644106423,-18.20634311071344
2021-04-30,-1.0,3,-154.75391644106423,-18.20634311071344
2021-05-04,-0.7,21,-154.75391644106423,-18.20634311071344
2021-05-13,-0.4,3,-154.75391644106423,-18.20634311071344
2021-05-14,-0.4,3,-154.75391644106423,-18.20634311071344
2021-05-20,-0.4,3,-154.75391644106423,-18.20634311071344
2021-05-25,-1.0,3,-154.75391644106423,-18.20634311071344
2021-05-28,-1.0,3,-154.75391644106423,-18.20634311071344
2021-05-31,-1.0,3,-154.75391644106423,-18.20634311071344
2021-06-01,-1.0,3,-154.75391644106423,-18.20634311071344
2021-06-02,-1.0,3,-154.75391644106423,-18.20634311071344
2021-06-03,-1.0,3,-154.75391644106423,-18.20634311071344
2021-06-25,-1.0,3,0.0,-0.0
2021-06-28,-1.0,3,0.0,-0.0
2021-06-30,-1.0,3,0.0,-0.0
2021-07-01,-1.0,3,0.0,-0.0
2021-07-06,-0.4,3,0.0,-0.0
2021-07-16,-1.0,3,0.0,-0.0
2021-07-19,-0.4,3,0.0,-0.0
2021-07-20,-0.4,3,0.0,-0.0
2021-07-21,-0.4,3,0.0,-0.0
2021-08-11,-0.4,3,0.0,-0.0
2021-08-12,-0.4,3,0.0,-0.0
2021-08-24,-1.0,3,0.0,-0.0
2021-08-25,-1.0,3,0.0,-0.0
2021-08-26,-1.0,3,0.0,-0.0
2021-08-27,-1.0,3,0.0,-0.0
2021-08-30,-1.0,3,0.0,-0.0
2021-08-31,-1.0,3,0.0,-0.0
2021-09-01,-1.0,3,0.0,-0.0
2021-09-02,-1.0,3,0.0,-0.0
2021-09-03,-1.0,3,0.0,-0.0
2021-09-06,-1.0,3,0.0,-0.0
2021-09-07,-1.0,3,0.0,-0.0
2021-09-08,-0.4,3,0.0,-0.0
2021-09-10,-0.4,3,0.0,-0.0
2021-09-14,-0.4,3,0.0,-0.0
2021-09-16,-0.4,3,0.0,-0.0
2021-09-23,-1.0,3,0.0,-0.0
2021-09-24,-0.4,3,0.0,-0.0
2021-09-27,-0.4,3,0.0,-0.0
2021-09-28,-0.4,3,0.0,-0.0
2021-09-29,-0.4,3,0.0,-0.0
2021-09-30,-0.4,3,0.0,-0.0
2021-10-01,-0.4,3,0.0,-0.0
2021-10-05,-0.4,3,0.0,-0.0
2021-10-06,-0.4,3,0.0,-0.0
2021-10-07,-0.4,3,0.0,-0.0
2021-10-08,-0.4,3,0.0,-0.0
2021-10-12,-0.4,3,0.0,-0.0
2021-10-13,-0.4,3,0.0,-0.0
2021-10-14,-1.0,3,0.0,-0.0
2021-10-15,-1.0,3,0.0,-0.0
2021-10-18,-1.0,3,0.0,-0.0
2021-10-19,-1.0,3,0.0,-0.0
2021-10-20,-1.0,3,0.0,-0.0
2021-10-21,-1.0,3,0.0,-0.0
2021-10-25,-1.0,3,0.0,-0.0
2021-10-26,-1.0,3,0.0,-0.0
2021-10-29,-1.0,3,0.0,-0.0
2021-11-04,-0.4,3,0.0,-0.0
2021-11-08,-0.4,3,0.0,-0.0
2021-12-28,-1.0,3,0.0,-0.0
2021-12-29,-1.0,3,0.0,-0.0
2021-12-30,-0.4,3,0.0,-0.0
2022-01-03,-0.4,3,0.0,-0.0
2022-01-04,-0.4,3,0.0,-0.0
2022-01-05,-0.4,3,0.0,-0.0
2022-01-06,-0.4,3,0.0,-0.0
2022-01-07,-0.4,3,0.0,-0.0
2022-01-10,-0.4,3,0.0,-0.0
2022-01-11,-0.4,3,0.0,-0.0
2022-01-12,-1.0,3,0.0,-0.0
2022-01-13,-1.0,3,0.0,-0.0
2022-01-14,-1.0,3,0.0,-0.0
2022-01-17,-1.0,3,0.0,-0.0
2022-01-18,-1.0,3,0.0,-0.0
2022-01-19,-0.4,3,0.0,-0.0
2022-01-20,-0.4,3,0.0,-0.0
2022-01-21,-0.4,3,0.0,-0.0
2022-01-24,-0.4,3,0.0,-0.0
2022-01-25,-0.4,3,0.0,-0.0
2022-01-26,-0.4,3,0.0,-0.0
2022-02-04,-1.0,3,0.0,-0.0
2022-02-08,-1.0,3,0.0,-0.0
2022-02-09,-1.0,3,0.0,-0.0
2022-02-10,-1.0,3,0.0,-0.0
2022-02-14,-1.0,3,0.0,-0.0
2022-02-16,-0.4,3,0.0,-0.0
2022-02-17,-0.4,3,0.0,-0.0
2022-02-18,-1.0,3,0.0,-0.0
2022-02-21,-0.4,3,0.0,-0.0
2022-02-23,-1.0,3,0.0,-0.0
2022-02-24,-0.4,3,0.0,-0.0
2022-02-25,-0.4,3,0.0,-0.0
2022-02-28,-0.4,3,0.0,-0.0
2022-03-15,-0.4,3,0.0,-0.0
2022-03-16,-1.0,3,0.0,-0.0
2022-03-17,-1.0,3,0.0,-0.0
2022-03-18,-1.0,3,0.0,-0.0
2022-03-21,-1.0,3,0.0,-0.0
2022-03-22,-1.0,3,0.0,-0.0
2022-03-23,-1.0,3,0.0,-0.0
2022-03-24,-0.4,3,0.0,-0.0
2022-03-25,-0.7,21,0.0,-0.0
2022-03-28,-0.7,21,0.0,-0.0
2022-03-29,-0.7,21,0.0,-0.0
2022-03-30,-1.5,21,0.0,-0.0
2022-03-31,-1.5,21,0.0,-0.0
2022-04-01,-1.5,21,0.0,-0.0
2022-04-13,-0.4,3,0.0,-0.0
2022-04-14,-0.4,3,0.0,-0.0
2022-04-15,-0.4,3,0.0,-0.0
2022-04-18,-0.4,3,0.0,-0.0
2022-04-19,-0.4,3,0.0,-0.0
2022-04-21,-0.4,3,0.0,-0.0
2022-04-22,-0.4,3,0.0,-0.0
2022-04-25,-0.4,3,0.0,-0.0
2022-04-26,-0.4,3,0.0,-0.0
2022-04-27,-0.4,3,0.0,-0.0
2022-05-11,-0.4,3,0.0,-0.0
2022-05-12,-0.4,3,0.0,-0.0
2022-05-13,-0.4,3,0.0,-0.0
2022-05-23,-1.0,3,0.0,-0.0
2022-05-26,-1.0,3,0.0,-0.0
2022-05-27,-1.0,3,0.0,-0.0
2022-05-31,-1.0,3,0.0,-0.0
2022-06-02,-1.0,3,0.0,-0.0
2022-06-03,-1.0,3,0.0,-0.0
2022-06-07,-0.4,3,0.0,-0.0
2022-06-08,-0.4,3,0.0,-0.0
2022-06-09,-0.4,3,0.0,-0.0
2022-06-10,-0.4,3,0.0,-0.0
2022-06-13,-0.4,3,0.0,-0.0
2022-06-14,-0.4,3,0.0,-0.0
2022-06-15,-0.4,3,0.0,-0.0
2022-06-16,-0.4,3,0.0,-0.0
2022-06-17,-0.4,3,0.0,-0.0
2022-06-20,-0.4,3,0.0,-0.0
2022-07-05,-0.4,3,0.0,-0.0
2022-07-18,-0.4,3,0.0,-0.0
2022-07-20,-0.4,3,0.0,-0.0
2022-07-21,-1.5,21,0.0,-0.0
2022-07-22,-1.5,21,0.0,-0.0
2022-07-26,-1.5,21,0.0,-0.0
2022-07-28,-1.5,21,0.0,-0.0
2022-08-12,-0.4,3,0.0,-0.0
2022-08-17,-0.4,3,0.0,-0.0
2022-08-18,-0.4,3,0.0,-0.0
2022-08-19,-0.7,21,0.0,-0.0
2022-08-22,-0.4,3,0.0,-0.0
2022-08-23,-0.7,21,0.0,-0.0
2022-08-24,-0.7,21,0.0,-0.0
2022-08-25,-0.4,3,0.0,-0.0
2022-08-26,-0.4,3,0.0,-0.0
2022-08-29,-0.4,3,0.0,-0.0
2022-08-31,-1.0,3,0.0,-0.0
2022-09-01,-0.4,3,0.0,-0.0
2022-09-02,-0.4,3,0.0,-0.0
2022-09-05,-0.4,3,0.0,-0.0
2022-09-06,-0.4,3,0.0,-0.0
2022-09-07,-0.4,3,0.0,-0.0
2022-09-08,-0.4,3,0.0,-0.0
2022-09-13,-0.4,3,0.0,-0.0
2022-09-14,-0.4,3,0.0,-0.0
2022-09-15,-0.4,3,0.0,-0.0
2022-09-16,-0.4,3,0.0,-0.0
2022-09-23,-0.4,3,0.0,-0.0
2022-09-26,-0.4,3,0.0,-0.0
2022-09-28,-0.4,3,0.0,-0.0
2022-09-29,-0.4,3,0.0,-0.0
2022-09-30,-0.4,3,0.0,-0.0
2022-10-04,-1.0,3,0.0,-0.0
2022-10-05,-1.0,3,0.0,-0.0
2022-10-06,-1.0,3,0.0,-0.0
2022-10-12,-1.0,3,0.0,-0.0
2022-10-13,-0.4,3,0.0,-0.0
2022-10-14,-0.4,3,0.0,-0.0
2022-12-16,-0.4,3,0.0,-0.0
2022-12-19,-1.0,3,0.0,-0.0
2022-12-20,-1.0,3,-21.50918224498872,-2.530492028822202
2022-12-21,-1.0,3,-21.50918224498872,-2.530492028822202
2022-12-22,-1.0,3,-21.50918224498872,-2.530492028822202
2022-12-23,-1.0,3,-21.50918224498872,-2.530492028822202
2022-12-26,-1.0,3,-21.50918224498872,-2.530492028822202
2022-12-27,-1.0,3,-21.50918224498872,-2.530492028822202
2022-12-28,-1.0,3,-21.50918224498872,-2.530492028822202
2022-12-29,-1.0,3,-21.50918224498872,-2.530492028822202
2023-01-02,-1.0,3,-21.50918224498872,-2.530492028822202
2023-01-27,-1.5,21,0.0,-0.0
2023-01-30,-1.5,21,0.0,-0.0
2023-01-31,-1.5,21,0.0,-0.0
2023-02-01,-1.5,21,0.0,-0.0
2023-02-02,-1.5,21,0.0,-0.0
2023-02-10,-0.4,3,0.0,-0.0
2023-02-13,-0.4,3,0.0,-0.0
2023-02-14,-0.4,3,0.0,-0.0
2023-02-15,-0.4,3,0.0,-0.0
2023-02-16,-0.4,3,0.0,-0.0
2023-02-17,-0.4,3,0.0,-0.0
2023-02-20,-0.4,3,0.0,-0.0
2023-02-21,-0.4,3,0.0,-0.0
2023-02-22,-0.4,3,0.0,-0.0
2023-02-23,-0.4,3,0.0,-0.0
2023-02-24,-0.4,3,0.0,-0.0
2023-02-27,-0.7,21,0.0,-0.0
2023-02-28,-0.7,21,0.0,-0.0
2023-03-02,-0.7,21,0.0,-0.0
2023-03-03,-0.4,3,0.0,-0.0
2023-03-13,-0.4,3,28.862297238404864,-3.3955643809888074
2023-03-14,-0.4,3,28.862297238404864,-3.3955643809888074
2023-03-15,-1.0,3,28.862297238404864,-3.3955643809888074
2023-03-16,-1.0,3,28.862297238404864,-3.3955643809888074
2023-04-13,-1.0,3,28.862297238404864,-3.3955643809888074
2023-04-14,-1.0,3,28.862297238404864,-3.3955643809888074
2023-04-17,-1.0,3,28.862297238404864,-3.3955643809888074
2023-04-18,-1.0,3,28.862297238404864,-3.3955643809888074
2023-04-19,-0.4,3,28.862297238404864,-3.3955643809888074
2023-04-20,-0.4,3,28.862297238404864,-3.3955643809888074
2023-04-21,-0.7,21,28.862297238404864,-3.3955643809888074
2023-04-24,-0.7,21,28.862297238404864,-3.3955643809888074
2023-05-11,-1.0,3,28.862297238404864,-3.3955643809888074
2023-05-18,-0.4,3,28.862297238404864,-3.3955643809888074
2023-05-19,-1.0,3,28.862297238404864,-3.3955643809888074
2023-05-22,-1.0,3,28.862297238404864,-3.3955643809888074
2023-05-23,-1.0,3,28.862297238404864,-3.3955643809888074
2023-05-24,-1.0,3,28.862297238404864,-3.3955643809888074
2023-05-25,-1.0,3,28.862297238404864,-3.3955643809888074
2023-05-26,-1.0,3,28.862297238404864,-3.3955643809888074
2023-05-30,-0.4,3,28.862297238404864,-3.3955643809888074
2023-05-31,-0.4,3,28.862297238404864,-3.3955643809888074
2023-06-01,-0.4,3,28.862297238404864,-3.3955643809888074
2023-06-07,-1.0,3,28.862297238404864,-3.3955643809888074
2023-06-08,-1.0,3,0.0,-0.0
2023-06-09,-1.0,3,0.0,-0.0
2023-06-12,-1.0,3,0.0,-0.0
2023-06-13,-1.0,3,0.0,-0.0
2023-06-14,-1.0,3,0.0,-0.0
2023-06-19,-1.0,3,0.0,-0.0
2023-06-20,-0.4,3,0.0,-0.0
2023-07-05,-1.0,3,0.0,-0.0
2023-07-06,-1.0,3,0.0,-0.0
2023-07-07,-1.0,3,0.0,-0.0
2023-07-10,-1.0,3,0.0,-0.0
2023-07-11,-1.0,3,0.0,-0.0
2023-07-12,-1.0,3,0.0,-0.0
2023-07-13,-1.0,3,0.0,-0.0
2023-07-14,-1.0,3,0.0,-0.0
2023-07-17,-1.0,3,0.0,-0.0
2023-07-25,-0.4,3,0.0,-0.0
2023-07-26,-0.4,3,0.0,-0.0
2023-07-27,-0.7,21,0.0,-0.0
2023-07-28,-1.0,3,0.0,-0.0
2023-07-31,-1.0,3,0.0,-0.0
2023-08-01,-0.4,3,0.0,-0.0
2023-08-02,-0.4,3,0.0,-0.0
2023-08-03,-0.4,3,0.0,-0.0
2023-08-04,-0.4,3,0.0,-0.0
2023-08-07,-0.4,3,0.0,-0.0
2023-08-08,-0.4,3,0.0,-0.0
2023-08-09,-0.4,3,0.0,-0.0
2023-08-10,-0.4,3,0.0,-0.0
2023-08-11,-0.4,3,0.0,-0.0
2023-08-14,-0.4,3,0.0,-0.0
2023-08-16,-0.4,3,0.0,-0.0
2023-08-17,-0.4,3,0.0,-0.0
2023-08-18,-0.4,3,0.0,-0.0
2023-08-21,-0.4,3,0.0,-0.0
2023-08-22,-0.4,3,0.0,-0.0
2023-08-23,-0.4,3,0.0,-0.0
2023-09-07,-0.4,3,0.0,-0.0
2023-09-08,-0.4,3,0.0,-0.0
2023-09-11,-0.4,3,0.0,-0.0
2023-09-12,-1.0,3,0.0,-0.0
2023-09-20,-1.0,3,0.0,-0.0
2023-09-21,-0.4,3,0.0,-0.0
2023-09-22,-0.4,3,0.0,-0.0
2023-09-25,-0.4,3,0.0,-0.0
2023-09-26,-0.4,3,0.0,-0.0
2023-09-27,-0.4,3,0.0,-0.0
2023-10-04,-0.4,3,0.0,-0.0
2023-10-18,-0.4,3,0.0,-0.0
2023-10-19,-0.4,3,0.0,-0.0
2023-10-20,-0.4,3,0.0,-0.0
2023-10-23,-1.0,3,0.0,-0.0
2023-10-24,-1.0,3,0.0,-0.0
2023-10-25,-0.4,3,0.0,-0.0
2023-10-26,-0.4,3,0.0,-0.0
2023-10-27,-0.4,3,0.0,-0.0
2023-10-30,-1.0,3,0.0,-0.0
2023-10-31,-0.4,3,0.0,-0.0
2023-11-01,-0.4,3,0.0,-0.0
2023-11-02,-1.0,3,0.0,-0.0
2023-11-03,-1.0,3,0.0,-0.0
2023-11-06,-1.0,3,0.0,-0.0
2023-11-16,-1.0,3,0.0,-0.0
2023-11-24,-0.4,3,0.0,-0.0
2023-11-27,-0.4,3,0.0,-0.0
2023-11-28,-0.4,3,0.0,-0.0
2023-11-29,-1.0,3,0.0,-0.0
2023-12-15,-1.0,3,0.0,-0.0
2023-12-18,-1.0,3,0.0,-0.0
2023-12-27,-1.0,3,0.0,-0.0
2024-01-18,-0.4,3,0.0,-0.0
2024-01-19,-0.4,3,0.0,-0.0
2024-01-22,-0.4,3,0.0,-0.0
2024-01-23,-0.4,3,0.0,-0.0
2024-01-24,-1.0,3,0.0,-0.0
2024-01-25,-1.0,3,0.0,-0.0
2024-01-26,-1.0,3,0.0,-0.0
2024-01-29,-1.0,3,0.0,-0.0
2024-02-06,-1.0,3,0.0,-0.0
2024-02-07,-1.0,3,0.0,-0.0
2024-02-08,-1.0,3,0.0,-0.0
2024-02-13,-0.4,3,0.0,-0.0
2024-02-14,-0.4,3,0.0,-0.0
2024-02-15,-0.4,3,0.0,-0.0
2024-02-16,-0.4,3,0.0,-0.0
2024-02-19,-0.4,3,0.0,-0.0
2024-02-20,-0.4,3,0.0,-0.0
2024-02-21,-1.0,3,0.0,-0.0
2024-02-22,-1.0,3,0.0,-0.0
2024-02-29,-0.4,3,0.0,-0.0
2024-03-14,-1.0,3,0.0,-0.0
2024-03-15,-0.4,3,0.0,-0.0
2024-03-18,-0.4,3,0.0,-0.0
2024-03-19,-0.7,21,0.0,-0.0
2024-03-20,-0.7,21,0.0,-0.0
2024-03-21,-0.7,21,0.0,-0.0
2024-03-22,-0.4,3,0.0,-0.0
2024-03-25,-0.7,21,0.0,-0.0
2024-03-26,-1.0,3,0.0,-0.0
2024-04-03,-0.4,3,0.0,-0.0
2024-04-04,-0.4,3,0.0,-0.0
2024-04-05,-0.4,3,0.0,-0.0
2024-04-08,-0.4,3,0.0,-0.0
2024-04-09,-0.4,3,0.0,-0.0
2024-04-11,-0.4,3,0.0,-0.0
2024-04-12,-0.4,3,0.0,-0.0
2024-04-15,-0.4,3,0.0,-0.0
2024-04-16,-0.4,3,0.0,-0.0
2024-04-17,-0.4,3,0.0,-0.0
2024-04-18,-0.4,3,0.0,-0.0
2024-04-19,-0.4,3,0.0,-0.0
2024-04-22,-1.0,3,0.0,-0.0
2024-04-23,-1.0,3,0.0,-0.0
2024-04-24,-1.0,3,0.0,-0.0
2024-04-25,-0.4,3,0.0,-0.0
2024-04-26,-1.0,3,0.0,-0.0
2024-05-02,-0.4,3,0.0,-0.0
2024-05-24,-0.4,3,0.0,-0.0
2024-05-27,-0.4,3,0.0,-0.0
2024-05-28,-1.0,3,0.0,-0.0
2024-05-29,-0.4,3,0.0,-0.0
2024-05-30,-0.4,3,0.0,-0.0
2024-05-31,-0.4,3,0.0,-0.0
2024-06-03,-0.4,3,0.0,-0.0
2024-06-04,-0.4,3,0.0,-0.0
2024-07-01,-1.0,3,0.0,-0.0
2024-07-02,-0.4,3,0.0,-0.0
2024-07-03,-0.4,3,0.0,-0.0
2024-07-04,-1.0,3,0.0,-0.0
2024-07-05,-0.4,3,0.0,-0.0
2024-07-25,-0.4,3,0.0,-0.0
2024-07-26,-1.0,3,0.0,-0.0
2024-08-08,-0.7,21,0.0,-0.0
2024-08-09,-1.0,3,0.0,-0.0
2024-08-12,-1.0,3,0.0,-0.0
2024-08-26,-1.0,3,0.0,-0.0
2024-08-27,-1.0,3,0.0,-0.0
2024-08-28,-0.4,3,0.0,-0.0
2024-08-29,-1.0,3,0.0,-0.0
2024-08-30,-1.0,3,0.0,-0.0
2024-09-02,-0.4,3,0.0,-0.0
2024-09-03,-0.4,3,0.0,-0.0
2024-09-04,-0.4,3,0.0,-0.0
2024-09-09,-0.4,3,0.0,-0.0
2024-09-10,-0.4,3,0.0,-0.0
2024-09-11,-1.0,3,0.0,-0.0
2024-09-12,-0.4,3,0.0,-0.0
2024-09-13,-0.4,3,0.0,-0.0
2024-09-19,-1.0,3,0.0,-0.0
2024-09-20,-1.0,3,0.0,-0.0
2024-09-23,-1.0,3,0.0,-0.0
2024-09-24,-1.0,3,0.0,-0.0
2024-09-25,-0.4,3,0.0,-0.0
2024-09-26,-1.0,3,0.0,-0.0
2024-09-27,-1.0,3,0.0,-0.0
2024-09-30,-1.0,3,0.0,-0.0
2024-10-02,-1.0,3,0.0,-0.0
2024-10-04,-0.4,3,0.0,-0.0
2024-10-07,-0.4,3,0.0,-0.0
2024-10-08,-0.4,3,0.0,-0.0
2024-10-10,-0.4,3,0.0,-0.0
2024-10-11,-0.4,3,0.0,-0.0
2024-10-14,-0.4,3,0.0,-0.0
2024-10-15,-0.4,3,0.0,-0.0
2024-10-23,-0.4,3,0.0,-0.0
2024-10-24,-0.4,3,0.0,-0.0
2024-10-25,-0.4,3,0.0,-0.0
2024-10-28,-0.4,3,0.0,-0.0
2024-10-29,-0.4,3,0.0,-0.0
2024-10-31,-1.0,3,0.0,-0.0
2024-11-01,-1.0,3,0.0,-0.0
2024-11-04,-1.0,3,0.0,-0.0
2024-11-05,-1.0,3,0.0,-0.0
2024-11-06,-0.4,3,0.0,-0.0
2024-11-07,-0.4,3,0.0,-0.0
2024-11-08,-0.4,3,0.0,-0.0
2024-11-11,-0.7,21,0.0,-0.0
2024-11-14,-0.4,3,0.0,-0.0
2024-11-15,-0.7,21,0.0,-0.0
2024-11-18,-0.4,3,0.0,-0.0
2024-11-19,-1.5,21,0.0,-0.0
2024-12-10,-0.4,3,0.0,-0.0
2024-12-11,-0.4,3,32.28728477014862,-3.7985040906057197
2024-12-12,-0.4,3,32.28728477014862,-3.7985040906057197
2024-12-13,-0.4,3,32.28728477014862,-3.7985040906057197
2024-12-16,-1.0,3,-17.278370820863824,-2.0327495083369205
2024-12-17,-0.4,3,-17.278370820863824,-2.0327495083369205
2024-12-18,-0.4,3,-17.278370820863824,-2.0327495083369205
2024-12-19,-0.7,21,-17.278370820863824,-2.0327495083369205
2024-12-20,-0.7,21,-17.278370820863824,-2.0327495083369205
2024-12-23,-0.7,21,-17.278370820863824,-2.0327495083369205
2024-12-24,-0.7,21,0.0,-0.0
2024-12-26,-0.4,3,0.0,-0.0
2024-12-27,-0.4,3,0.0,-0.0
2024-12-30,-0.4,3,0.0,-0.0
2025-01-02,-0.4,3,0.0,-0.0
2025-01-03,-0.4,3,32.27303180437367,-3.796827271102785
2025-01-06,-0.4,3,0.0,-0.0
2025-01-07,-1.0,3,0.0,-0.0
2025-01-08,-1.0,3,0.0,-0.0
2025-01-09,-1.0,3,0.0,-0.0
2025-01-10,-1.0,3,18.08395344938496,-2.12752393522176
2025-01-13,-0.4,3,18.08395344938496,-2.12752393522176
2025-01-14,-0.4,3,50.601362180862296,-5.953101433042623
2025-01-15,-0.4,3,50.601362180862296,-5.953101433042623
2025-02-11,-1.0,3,17.98413756832816,-2.115780890391548
2025-02-12,-0.4,3,17.98413756832816,-2.115780890391548
2025-02-13,-1.0,3,17.98413756832816,-2.115780890391548
2025-02-14,-1.0,3,17.98413756832816,-2.115780890391548
2025-02-17,-1.0,3,17.98413756832816,-2.115780890391548
2025-02-18,-1.0,3,17.98413756832816,-2.115780890391548
2025-02-19,-1.0,3,17.98413756832816,-2.115780890391548
2025-02-20,-1.0,3,17.98413756832816,-2.115780890391548
2025-02-21,-1.0,3,17.98413756832816,-2.115780890391548
2025-02-24,-1.0,3,17.98413756832816,-2.115780890391548
2025-03-06,-0.4,3,17.98413756832816,-2.115780890391548
2025-03-07,-0.4,3,17.98413756832816,-2.115780890391548
2025-03-10,-1.0,3,17.98413756832816,-2.115780890391548
2025-03-11,-1.0,3,17.98413756832816,-2.115780890391548
2025-03-12,-1.0,3,17.98413756832816,-2.115780890391548
2025-03-13,-0.4,3,17.98413756832816,-2.115780890391548
2025-03-14,-0.4,3,17.98413756832816,-2.115780890391548
2025-03-21,-0.4,3,17.98413756832816,-2.115780890391548
2025-03-24,-0.4,3,17.98413756832816,-2.115780890391548
2025-03-25,-0.4,3,17.98413756832816,-2.115780890391548
2025-03-26,-0.4,3,17.98413756832816,-2.115780890391548
2025-03-27,-0.4,3,17.98413756832816,-2.115780890391548
2025-03-28,-0.4,3,17.98413756832816,-2.115780890391548
2025-03-31,-0.4,3,17.98413756832816,-2.115780890391548
2025-04-11,-0.4,3,17.98413756832816,-2.115780890391548
2025-04-14,-1.0,3,17.98413756832816,-2.115780890391548
2025-05-09,-1.0,3,0.0,-0.0
2025-05-12,-1.0,3,0.0,-0.0
2025-05-13,-0.4,3,0.0,-0.0
2025-05-14,-0.4,3,0.0,-0.0
2025-05-15,-1.0,3,0.0,-0.0
2025-05-16,-1.0,3,0.0,-0.0
2025-05-19,-1.0,3,0.0,-0.0
2025-05-20,-1.0,3,0.0,-0.0
2025-05-21,-1.0,3,0.0,-0.0
2025-05-22,-1.0,3,0.0,-0.0
2025-05-23,-1.0,3,0.0,-0.0
2025-05-26,-1.0,3,0.0,-0.0
2025-05-27,-1.0,3,0.0,-0.0
2025-05-28,-1.0,3,0.0,-0.0
2025-05-29,-1.0,3,0.0,-0.0
2025-05-30,-0.4,3,0.0,-0.0
2025-06-02,-0.4,3,0.0,-0.0
2025-06-04,-1.0,3,0.0,-0.0
2025-06-05,-1.0,3,0.0,-0.0
2025-06-09,-1.0,3,0.0,-0.0
2025-06-10,-1.0,3,0.0,-0.0
2025-06-11,-0.4,3,-15.557091878214013,-1.8302461033192956
2025-06-12,-1.0,3,-15.557091878214013,-1.8302461033192956
2025-06-13,-0.4,3,-15.557091878214013,-1.8302461033192956
2025-06-16,-0.4,3,-15.557091878214013,-1.8302461033192956
2025-06-17,-1.0,3,-15.557091878214013,-1.8302461033192956
2025-06-18,-1.0,3,-15.557091878214013,-1.8302461033192956
2025-06-19,-0.4,3,-15.557091878214013,-1.8302461033192956
2025-06-20,-1.0,3,0.0,-0.0
2025-06-23,-0.4,3,0.0,-0.0
2025-06-24,-1.0,3,0.0,-0.0
2025-06-25,-1.0,3,0.0,-0.0
2025-06-26,-1.0,3,0.0,-0.0
2025-06-27,-1.0,3,0.0,-0.0
2025-06-30,-1.0,3,0.0,-0.0
2025-07-08,-0.4,3,0.0,-0.0
2025-07-09,-0.4,3,0.0,-0.0
2025-07-10,-0.4,3,0.0,-0.0
2025-07-11,-0.4,3,0.0,-0.0
2025-07-14,-0.4,3,0.0,-0.0
2025-07-15,-0.4,3,0.0,-0.0
2025-07-16,-0.4,3,0.0,-0.0
2025-07-17,-0.4,3,0.0,-0.0
2025-07-18,-0.4,3,0.0,-0.0
2025-07-21,-0.4,3,0.0,-0.0
2025-07-22,-0.4,3,0.0,-0.0
2025-08-13,-1.5,21,125.29333977867356,-14.740392915138065
2025-08-14,-0.7,21,125.29333977867356,-14.740392915138065
2025-08-18,-1.5,21,125.29333977867356,-14.740392915138065
2025-08-19,-0.7,21,125.29333977867356,-14.740392915138065
2025-08-20,-0.7,21,125.29333977867356,-14.740392915138065
2025-08-21,-0.4,3,125.29333977867356,-14.740392915138065
2025-08-22,-0.4,3,125.29333977867356,-14.740392915138065
2025-08-25,-0.4,3,125.29333977867356,-14.740392915138065
2025-08-26,-0.7,21,125.29333977867356,-14.740392915138065
2025-08-27,-1.5,21,125.29333977867356,-14.740392915138065
2025-09-03,-1.0,3,0.0,-0.0
2025-09-04,-0.4,3,0.0,-0.0
2025-09-05,-0.4,3,0.0,-0.0
2025-09-22,-0.4,3,0.0,-0.0
2025-09-23,-0.4,3,0.0,-0.0
2025-09-24,-0.4,3,0.0,-0.0
2025-09-25,-0.4,3,0.0,-0.0
2025-09-26,-0.4,3,0.0,-0.0
2025-09-29,-0.4,3,0.0,-0.0
2025-09-30,-0.4,3,0.0,-0.0
2025-10-01,-0.4,3,0.0,-0.0
2025-10-02,-1.0,3,0.0,-0.0
2025-10-10,-0.4,3,0.0,-0.0
2025-10-13,-0.4,3,0.0,-0.0
2025-10-14,-0.4,3,0.0,-0.0
2025-10-15,-0.7,21,0.0,-0.0
2025-10-24,-0.7,21,0.0,-0.0
2025-10-27,-0.4,3,0.0,-0.0
2025-10-28,-0.4,3,0.0,-0.0
2025-10-29,-0.4,3,0.0,-0.0
2025-10-30,-1.0,3,0.0,-0.0
2025-10-31,-1.0,3,0.0,-0.0
2025-11-03,-1.0,3,0.0,-0.0
2025-11-04,-0.4,3,0.0,-0.0
2025-11-05,-0.4,3,0.0,-0.0
2025-11-06,-0.4,3,0.0,-0.0
2025-11-07,-0.4,3,0.0,-0.0
2025-11-10,-0.4,3,0.0,-0.0
2025-11-11,-0.4,3,0.0,-0.0
2025-11-12,-0.4,3,0.0,-0.0
2025-11-13,-0.4,3,0.0,-0.0
2025-11-14,-0.4,3,0.0,-0.0
2025-11-17,-0.4,3,0.0,-0.0
2025-11-18,-0.4,3,0.0,-0.0
2025-11-19,-1.0,3,0.0,-0.0
2025-11-20,-0.4,3,0.0,-0.0
2025-11-21,-0.4,3,0.0,-0.0
2025-11-24,-0.4,3,0.0,-0.0
2025-12-03,-0.4,3,0.0,-0.0
2025-12-04,-0.4,3,0.0,-0.0
2025-12-05,-1.0,3,0.0,-0.0
2025-12-08,-1.0,3,0.0,-0.0
2025-12-09,-0.4,3,0.0,-0.0
2025-12-10,-0.4,3,0.0,-0.0
2025-12-11,-1.0,3,-16.48483695235783,-1.939392582630333
2025-12-12,-0.4,3,-16.48483695235783,-1.939392582630333
2025-12-15,-0.4,3,0.0,-0.0
2025-12-16,-0.4,3,0.0,-0.0
2025-12-17,-0.4,3,0.0,-0.0
2025-12-18,-0.4,3,0.0,-0.0
2025-12-19,-0.4,3,17.33019204847412,-2.0388461233498965
2025-12-22,-0.4,3,17.33019204847412,-2.0388461233498965
2025-12-23,-0.4,3,17.33019204847412,-2.0388461233498965
2025-12-24,-1.0,3,17.33019204847412,-2.0388461233498965
2025-12-26,-1.0,3,17.33019204847412,-2.0388461233498965
2025-12-30,-1.0,3,17.33019204847412,-2.0388461233498965
2026-01-02,-1.0,3,-676.4495065586196,-79.58229488924937
2026-01-05,-1.0,3,-676.4495065586196,-79.58229488924937
2026-01-14,-0.4,3,17.129446588643827,-2.0152290104286856
2026-01-23,-1.0,3,17.129446588643827,-2.0152290104286856
2026-01-26,-1.0,3,17.129446588643827,-2.0152290104286856
2026-01-27,-1.0,3,17.129446588643827,-2.0152290104286856
2026-01-28,-1.0,3,17.129446588643827,-2.0152290104286856
2026-02-27,-1.0,3,0.0,-0.0
2026-03-03,-0.4,3,0.0,-0.0
2026-03-05,-0.4,3,0.0,-0.0
2026-03-06,-0.4,3,0.0,-0.0
2026-03-10,-0.4,3,0.0,-0.0
2026-03-11,-1.0,3,0.0,-0.0
2026-03-12,-0.4,3,0.0,-0.0
2026-03-13,-0.4,3,0.0,-0.0
2026-03-16,-0.4,3,0.0,-0.0
2026-03-17,-0.4,3,0.0,-0.0
2026-03-19,-0.4,3,0.0,-0.0
2026-03-20,-0.7,21,0.0,-0.0
2026-03-23,-0.7,21,0.0,-0.0
2026-03-24,-0.7,21,98.38462032656147,-11.574661214889586
2026-03-25,-0.7,21,98.38462032656147,-11.574661214889586
2026-03-27,-0.4,3,98.38462032656147,-11.574661214889586
2026-03-30,-1.0,3,0.0,-0.0
2026-04-16,-1.0,3,0.0,-0.0
2026-04-17,-0.4,3,0.0,-0.0
2026-04-20,-1.0,3,0.0,-0.0
2026-04-21,-1.0,3,0.0,-0.0
2026-04-22,-0.4,3,0.0,-0.0
2026-04-23,-0.4,3,0.0,-0.0
2026-04-24,-0.4,3,0.0,-0.0
2026-04-27,-1.0,3,0.0,-0.0
2026-04-28,-0.4,3,0.0,-0.0
2026-04-29,-0.4,3,0.0,-0.0
2026-04-30,-0.4,3,0.0,-0.0
2026-05-04,-1.0,3,0.0,-0.0
